Price,Adj Close,Close,High,Low,Open,Volume
Ticker,MSFT,MSFT,MSFT,MSFT,MSFT,MSFT
Date,,,,,,
2022-08-01,271.1324157714844,278.010009765625,281.2799987792969,275.8399963378906,277.82000732421875,21539600
2022-08-02,268.0213317871094,274.82000732421875,277.8900146484375,272.3800048828125,276.0,22754200
2022-08-03,275.4820861816406,282.4700012207031,283.5,276.6099853515625,276.760009765625,23518900
2022-08-04,276.63287353515625,283.6499938964844,283.79998779296875,280.1700134277344,281.79998779296875,18098700
2022-08-05,275.9112243652344,282.9100036621094,283.6499938964844,278.67999267578125,279.1499938964844,16774600
2022-08-08,273.38525390625,280.32000732421875,285.9200134277344,279.32000732421875,284.04998779296875,18739200
2022-08-09,275.3162536621094,282.29998779296875,283.0799865722656,277.6099853515625,279.6400146484375,23405200
2022-08-10,282.0065612792969,289.1600036621094,289.80999755859375,286.94000244140625,288.1700134277344,24687800
2022-08-11,279.91949462890625,287.0199890136719,291.2099914550781,286.510009765625,290.8500061035156,20065900
2022-08-12,284.68853759765625,291.9100036621094,291.9100036621094,286.94000244140625,288.4800109863281,22619700
2022-08-15,286.2099609375,293.4700012207031,294.17999267578125,290.1099853515625,291.0,18085700
2022-08-16,285.46881103515625,292.7099914550781,294.0400085449219,290.4200134277344,291.989990234375,18102900
2022-08-17,284.7162170410156,291.32000732421875,293.3500061035156,289.4700012207031,289.739990234375,18253400
2022-08-18,283.5923156738281,290.1700134277344,291.9100036621094,289.0799865722656,290.19000244140625,17186200
2022-08-19,279.66339111328125,286.1499938964844,289.25,285.55999755859375,288.8999938964844,20570000
2022-08-22,271.4538269042969,277.75,282.4599914550781,277.2200012207031,282.0799865722656,25061100
2022-08-23,270.1735534667969,276.44000244140625,278.8599853515625,275.3999938964844,276.44000244140625,17527400
2022-08-24,269.53826904296875,275.7900085449219,277.2300109863281,275.1099853515625,275.4100036621094,18137000
2022-08-25,272.52886962890625,278.8500061035156,279.0199890136719,274.5199890136719,277.3299865722656,16583400
2022-08-26,262.01275634765625,268.0899963378906,280.3399963378906,267.9800109863281,279.0799865722656,27549300
2022-08-29,259.2176208496094,265.2300109863281,267.3999938964844,263.8500061035156,265.8500061035156,20338500
2022-08-30,257.00885009765625,262.9700012207031,267.04998779296875,260.6600036621094,266.6700134277344,22767100
2022-08-31,255.5429229736328,261.4700012207031,267.1099853515625,261.3299865722656,265.3900146484375,24791800
2022-09-01,254.49710083007812,260.3999938964844,260.8900146484375,255.41000366210938,258.8699951171875,23263400
2022-09-02,250.2554931640625,256.05999755859375,264.739990234375,254.47000122070312,261.70001220703125,22855400
2022-09-06,247.50921630859375,253.25,257.8299865722656,251.94000244140625,256.20001220703125,21328200
2022-09-07,252.23948669433594,258.0899963378906,258.8299865722656,253.22000122070312,254.6999969482422,24126700
2022-09-08,252.65972900390625,258.5199890136719,260.42999267578125,254.7899932861328,257.510009765625,20319900
2022-09-09,258.465087890625,264.4599914550781,265.2300109863281,260.2900085449219,260.5,22084700
2022-09-12,260.60540771484375,266.6499938964844,267.45001220703125,265.1600036621094,265.7799987792969,18747700
2022-09-13,246.27777099609375,251.99000549316406,260.3999938964844,251.58999633789062,258.8399963378906,33353300
2022-09-14,246.50254821777344,252.22000122070312,254.22999572753906,249.86000061035156,253.52999877929688,23913000
2022-09-15,239.81759643554688,245.3800048828125,251.39999389648438,244.02000427246094,249.77000427246094,31530900
2022-09-16,239.19212341308594,244.74000549316406,245.3000030517578,242.05999755859375,244.25999450683594,39791800
2022-09-19,238.9770965576172,244.52000427246094,245.13999938964844,240.85000610351562,242.47000122070312,26826900
2022-09-20,236.95404052734375,242.4499969482422,243.50999450683594,239.63999938964844,242.07000732421875,26660300
2022-09-21,233.5333709716797,238.9499969482422,247.66000366210938,238.89999389648438,244.27000427246094,28625600
2022-09-22,235.51734924316406,240.97999572753906,243.86000061035156,237.57000732421875,237.8699951171875,31061200
2022-09-23,232.52670288085938,237.9199981689453,241.1300048828125,235.1999969482422,239.5399932861328,34176000
2022-09-26,232.06739807128906,237.4499969482422,241.4499969482422,236.89999389648438,237.0500030517578,27694200
2022-09-27,231.05093383789062,236.41000366210938,241.8000030517578,234.5,239.97999572753906,27018700
2022-09-28,235.60531616210938,241.07000732421875,242.3300018310547,234.72999572753906,236.80999755859375,29029700
2022-09-29,232.11624145507812,237.5,239.9499969482422,234.41000366210938,238.88999938964844,27484200
2022-09-30,227.62051391601562,232.89999389648438,240.5399932861328,232.72999572753906,238.2899932861328,35694800
2022-10-03,235.28277587890625,240.74000549316406,241.61000061035156,234.66000366210938,235.41000366210938,28880400
2022-10-04,243.23828125,248.8800048828125,250.36000061035156,244.97999572753906,245.08999633789062,34888400
2022-10-05,243.55101013183594,249.1999969482422,250.5800018310547,244.10000610351562,245.99000549316406,20347100
2022-10-06,241.1956024169922,246.7899932861328,250.33999633789062,246.0800018310547,247.92999267578125,20239900
2022-10-07,228.9301300048828,234.24000549316406,241.32000732421875,233.1699981689453,240.89999389648438,37769600
2022-10-10,224.0532684326172,229.25,234.55999755859375,226.72999572753906,233.0500030517578,29743600
2022-10-11,220.30029296875,225.41000366210938,229.05999755859375,224.11000061035156,227.6199951171875,30474000
2022-10-12,220.632568359375,225.75,227.86000061035156,223.9600067138672,225.39999389648438,21903900
2022-10-13,228.9301300048828,234.24000549316406,236.10000610351562,219.1300048828125,219.85000610351562,42551800
2022-10-14,223.37889099121094,228.55999755859375,237.24000549316406,228.33999633789062,235.5399932861328,30198600
2022-10-17,232.14552307128906,237.52999877929688,238.9600067138672,235.13999938964844,235.82000732421875,28142300
2022-10-18,233.09353637695312,238.5,243.92999267578125,235.3699951171875,243.24000549316406,26329600
2022-10-19,231.1193389892578,236.47999572753906,239.61000061035156,234.2899932861328,237.0399932861328,19985700
2022-10-20,230.7968292236328,236.14999389648438,241.30999755859375,234.8699951171875,235.77000427246094,21811000
2022-10-21,236.6315155029297,242.1199951171875,243.0,234.5,234.74000549316406,26299700
2022-10-24,241.6451873779297,247.25,247.83999633789062,241.3000030517578,243.75999450683594,24911200
2022-10-25,244.97793579101562,250.66000366210938,251.0399932861328,245.8300018310547,247.25999450683594,34775500
2022-10-26,226.07635498046875,231.32000732421875,238.3000030517578,230.05999755859375,231.1699981689453,82543200
2022-10-27,221.60989379882812,226.75,233.69000244140625,225.77999877929688,231.0399932861328,40424600
2022-10-28,230.52320861816406,235.8699951171875,236.60000610351562,226.0500030517578,226.24000549316406,40647700
2022-10-31,226.86798095703125,232.1300048828125,234.9199981689453,231.14999389648438,233.75999450683594,28357300
2022-11-01,222.99774169921875,228.1699981689453,235.74000549316406,227.3300018310547,234.60000610351562,30592300
2022-11-02,215.1106719970703,220.10000610351562,231.3000030517578,220.0399932861328,229.4600067138672,38407000
2022-11-03,209.3932647705078,214.25,220.41000366210938,213.97999572753906,220.08999633789062,36633900
2022-11-04,216.37144470214844,221.38999938964844,221.58999633789062,213.42999267578125,217.5500030517578,36789100
2022-11-07,222.7045135498047,227.8699951171875,228.41000366210938,221.27999877929688,221.99000549316406,33498000
2022-11-08,223.6818389892578,228.8699951171875,231.64999389648438,225.83999633789062,228.6999969482422,28192500
2022-11-09,219.42068481445312,224.50999450683594,228.6300048828125,224.3300018310547,227.3699951171875,27852900
2022-11-10,237.47201538085938,242.97999572753906,243.3300018310547,235.0,235.42999267578125,46268000
2022-11-11,241.5083770751953,247.11000061035156,247.99000549316406,241.92999267578125,242.99000549316406,34620200
2022-11-14,236.07440185546875,241.5500030517578,243.91000366210938,239.2100067138672,241.99000549316406,31123300
2022-11-15,236.48489379882812,241.97000122070312,247.0,240.02999877929688,245.66000366210938,31390100
2022-11-16,236.91612243652344,241.72999572753906,243.8000030517578,240.4199981689453,242.7899932861328,24093300
2022-11-17,236.8671112060547,241.67999267578125,243.25,237.6300048828125,237.77999877929688,23123500
2022-11-18,236.41629028320312,241.22000122070312,243.74000549316406,239.02999877929688,243.50999450683594,27613500
2022-11-21,237.22976684570312,242.0500030517578,244.6699981689453,241.19000244140625,241.42999267578125,26394700
2022-11-22,240.15040588378906,245.02999877929688,245.30999755859375,240.7100067138672,243.58999633789062,19665700
2022-11-23,242.64962768554688,247.5800018310547,248.27999877929688,244.27000427246094,245.11000061035156,19508500
2022-11-25,242.56143188476562,247.49000549316406,248.6999969482422,246.72999572753906,247.30999755859375,9200800
2022-11-28,236.94554138183594,241.75999450683594,246.64999389648438,240.8000030517578,246.0800018310547,24778200
2022-11-29,235.54403686523438,240.3300018310547,242.7899932861328,238.2100067138672,241.39999389648438,17956300
2022-11-30,250.05909729003906,255.13999938964844,255.3300018310547,239.86000061035156,240.57000732421875,47594200
2022-12-01,249.61801147460938,254.69000244140625,256.1199951171875,250.9199981689453,253.8699951171875,26041500
2022-12-02,249.9414825439453,255.02000427246094,256.05999755859375,249.69000244140625,249.82000732421875,21528500
2022-12-05,245.21746826171875,250.1999969482422,253.82000732421875,248.05999755859375,252.00999450683594,23435300
2022-12-06,240.23861694335938,245.1199951171875,251.86000061035156,243.77999877929688,250.82000732421875,22463700
2022-12-07,239.50352478027344,244.3699951171875,246.16000366210938,242.2100067138672,244.8300018310547,20481500
2022-12-08,242.4731903076172,247.39999389648438,248.74000549316406,243.05999755859375,244.83999633789062,22611800
2022-12-09,240.53265380859375,245.4199981689453,248.30999755859375,244.16000366210938,244.6999969482422,20609700
2022-12-12,247.48146057128906,252.50999450683594,252.5399932861328,247.1699981689453,247.4499969482422,30665100
2022-12-13,251.80364990234375,256.9200134277344,263.9200134277344,253.07000732421875,261.69000244140625,42196900
2022-12-14,252.09767150878906,257.2200012207031,262.5899963378906,254.30999755859375,257.1300048828125,35410900
2022-12-15,244.05116271972656,249.00999450683594,254.1999969482422,247.33999633789062,253.72000122070312,35560400
2022-12-16,239.81716918945312,244.69000244140625,249.83999633789062,243.50999450683594,248.5500030517578,86102000
2022-12-19,235.66162109375,240.4499969482422,245.2100067138672,238.7100067138672,244.86000061035156,29696400
2022-12-20,236.9847412109375,241.8000030517578,242.91000366210938,238.4199981689453,239.39999389648438,25150800
2022-12-21,239.5623779296875,244.42999267578125,245.6199951171875,240.11000061035156,241.69000244140625,23690600
2022-12-22,233.44662475585938,238.19000244140625,241.99000549316406,233.8699951171875,241.25999450683594,28651700
2022-12-23,233.97586059570312,238.72999572753906,238.8699951171875,233.94000244140625,236.11000061035156,21207000
2022-12-27,232.2411346435547,236.9600067138672,238.92999267578125,235.8300018310547,238.6999969482422,16688600
2022-12-28,229.85952758789062,234.52999877929688,239.72000122070312,234.1699981689453,236.88999938964844,17457100
2022-12-29,236.21046447753906,241.00999450683594,241.9199981689453,235.64999389648438,235.64999389648438,19770700
2022-12-30,235.04417419433594,239.82000732421875,239.9600067138672,236.66000366210938,238.2100067138672,21938500
2023-01-03,234.80894470214844,239.5800018310547,245.75,237.39999389648438,243.0800018310547,25740000
2023-01-04,224.53765869140625,229.10000610351562,232.8699951171875,225.9600067138672,232.27999877929688,50623400
2023-01-05,217.88284301757812,222.30999755859375,227.5500030517578,221.75999450683594,227.1999969482422,39585600
2023-01-06,220.45068359375,224.92999267578125,225.75999450683594,219.35000610351562,223.0,43613600
2023-01-09,222.59707641601562,227.1199951171875,231.24000549316406,226.41000366210938,226.4499969482422,27369800
2023-01-10,224.29263305664062,228.85000610351562,231.30999755859375,227.3300018310547,227.75999450683594,27033900
2023-01-11,231.0748291015625,235.77000427246094,235.9499969482422,231.11000061035156,231.2899932861328,28669300
2023-01-12,233.76026916503906,238.50999450683594,239.89999389648438,233.55999755859375,235.25999450683594,27269500
2023-01-13,234.46591186523438,239.22999572753906,239.3699951171875,234.9199981689453,237.0,21333300
2023-01-17,235.56362915039062,240.35000610351562,240.91000366210938,237.08999633789062,237.97000122070312,29831300
2023-01-18,231.11404418945312,235.80999755859375,242.3800048828125,235.52000427246094,241.57000732421875,30028700
2023-01-19,227.31129455566406,231.92999267578125,235.52000427246094,230.67999267578125,233.77999877929688,28623000
2023-01-20,235.4362335205078,240.22000122070312,240.74000549316406,234.50999450683594,234.86000061035156,35389800
2023-01-23,237.74920654296875,242.5800018310547,245.1699981689453,239.64999389648438,241.10000610351562,31934000
2023-01-24,237.21995544433594,242.0399932861328,243.9499969482422,240.44000244140625,242.5,40234400
2023-01-25,235.81845092773438,240.61000061035156,243.3000030517578,230.89999389648438,234.47999572753906,66526600
2023-01-26,243.061279296875,248.0,248.30999755859375,242.0,243.64999389648438,33454500
2023-01-27,243.2180633544922,248.16000366210938,249.8300018310547,246.8300018310547,248.99000549316406,26498900
2023-01-30,237.8766326904297,242.7100067138672,245.60000610351562,242.1999969482422,244.50999450683594,25867400
2023-01-31,242.87506103515625,247.80999755859375,247.9499969482422,242.9499969482422,243.4499969482422,26541100
2023-02-01,247.71665954589844,252.75,255.17999267578125,245.47000122070312,248.0,31259900
2023-02-02,259.33074951171875,264.6000061035156,264.69000244140625,257.25,258.82000732421875,39940400
2023-02-03,253.2052001953125,258.3500061035156,264.20001220703125,257.1000061035156,259.5400085449219,29077300
2023-02-06,251.65660095214844,256.7699890136719,258.29998779296875,254.77999877929688,257.44000244140625,22518000
2023-02-07,262.23175048828125,267.55999755859375,268.7699890136719,260.0799865722656,260.5299987792969,50841400
2023-02-08,261.41827392578125,266.7300109863281,276.760009765625,266.2099914550781,273.20001220703125,54686000
2023-02-09,258.3702087402344,263.6199951171875,273.9800109863281,262.79998779296875,273.79998779296875,42375100
2023-02-10,257.8605651855469,263.1000061035156,264.0899963378906,260.6600036621094,261.5299987792969,25818500
2023-02-13,265.9168701171875,271.32000732421875,274.6000061035156,267.1499938964844,267.6400146484375,44630900
2023-02-14,266.74993896484375,272.1700134277344,274.9700012207031,269.2799987792969,272.6700134277344,37047900
2023-02-15,264.61785888671875,269.32000732421875,270.7300109863281,266.17999267578125,268.32000732421875,28922400
2023-02-16,257.572998046875,262.1499938964844,266.739990234375,261.8999938964844,264.0199890136719,29603600
2023-02-17,253.554443359375,258.05999755859375,260.0899963378906,256.0,259.3900146484375,30000100
2023-02-21,248.258544921875,252.6699981689453,255.49000549316406,251.58999633789062,254.47999572753906,28397400
2023-02-22,247.11880493164062,251.50999450683594,254.33999633789062,250.33999633789062,254.08999633789062,22491100
2023-02-23,250.32186889648438,254.77000427246094,256.8399963378906,250.47999572753906,255.55999755859375,29219100
2023-02-24,244.86875915527344,249.22000122070312,251.0,248.10000610351562,249.9600067138672,24990900
2023-02-27,245.79234313964844,250.16000366210938,252.82000732421875,249.38999938964844,252.4600067138672,21190000
2023-02-28,245.0652618408203,249.4199981689453,251.49000549316406,248.72999572753906,249.07000732421875,22491000
2023-03-01,241.97027587890625,246.27000427246094,250.92999267578125,245.7899932861328,250.75999450683594,27565300
2023-03-02,246.7257843017578,251.11000061035156,251.39999389648438,245.61000061035156,246.5500030517578,24808200
2023-03-03,250.83279418945312,255.2899932861328,255.6199951171875,251.38999938964844,252.19000244140625,30760100
2023-03-06,252.38519287109375,256.8699951171875,260.1199951171875,255.97999572753906,256.42999267578125,24109800
2023-03-07,249.7126922607422,254.14999389648438,257.69000244140625,253.38999938964844,256.29998779296875,21473200
2023-03-08,249.27052307128906,253.6999969482422,254.5399932861328,250.80999755859375,254.0399932861328,17340200
2023-03-09,247.91465759277344,252.32000732421875,259.55999755859375,251.5800018310547,255.82000732421875,26653400
2023-03-10,244.249755859375,248.58999633789062,252.7899932861328,247.60000610351562,251.0800018310547,28333900
2023-03-13,249.48672485351562,253.9199981689453,257.9100036621094,245.72999572753906,247.39999389648438,33339700
2023-03-14,256.23675537109375,260.7900085449219,261.07000732421875,255.86000061035156,256.75,33620300
2023-03-15,260.8055725097656,265.44000244140625,266.4800109863281,259.2099914550781,259.9800109863281,46028000
2023-03-16,271.3777160644531,276.20001220703125,276.55999755859375,263.2799987792969,265.2099914550781,54768800
2023-03-17,274.5513000488281,279.42999267578125,283.3299865722656,276.32000732421875,278.260009765625,69527400
2023-03-20,267.47698974609375,272.2300109863281,277.4800109863281,269.8500061035156,276.9800109863281,43466600
2023-03-21,269.0,273.7799987792969,275.0,269.5199890136719,274.8800048828125,34558700
2023-03-22,267.5360107421875,272.2900085449219,281.0400085449219,272.17999267578125,273.3999938964844,34873300
2023-03-23,272.8122253417969,277.6600036621094,281.05999755859375,275.20001220703125,277.94000244140625,36610900
2023-03-24,275.6714172363281,280.57000732421875,280.6300048828125,275.2799987792969,277.239990234375,28172000
2023-03-27,271.5545959472656,276.3800048828125,281.4599914550781,275.5199890136719,280.5,26840200
2023-03-28,270.4246826171875,275.2300109863281,276.1400146484375,272.04998779296875,275.7900085449219,21878600
2023-03-29,275.61248779296875,280.510009765625,281.1400146484375,278.4100036621094,278.9599914550781,25087000
2023-03-30,279.09063720703125,284.04998779296875,284.4599914550781,281.4800109863281,284.2300109863281,25053400
2023-03-31,283.2664489746094,288.29998779296875,289.2699890136719,283.0,283.7300109863281,32766000
2023-04-03,282.21514892578125,287.2300109863281,288.2699890136719,283.95001220703125,286.5199890136719,24883300
2023-04-04,282.166015625,287.17999267578125,290.45001220703125,285.6700134277344,287.2300109863281,25824300
2023-04-05,279.3756103515625,284.3399963378906,287.1499938964844,282.9200134277344,285.8500061035156,22064800
2023-04-06,286.5088195800781,291.6000061035156,292.0799865722656,282.0299987792969,283.2099914550781,29770300
2023-04-10,284.33740234375,289.3900146484375,289.6000061035156,284.7099914550781,289.2099914550781,23103000
2023-04-11,277.89190673828125,282.8299865722656,285.9800109863281,281.6400146484375,285.75,27276600
2023-04-12,278.5404357910156,283.489990234375,287.010009765625,281.9599914550781,284.7900085449219,27403400
2023-04-13,284.7795715332031,289.8399963378906,289.8999938964844,283.1700134277344,283.5899963378906,24222700
2023-04-14,281.14422607421875,286.1400146484375,288.4800109863281,283.69000244140625,287.0,20987900
2023-04-17,283.75775146484375,288.79998779296875,291.6000061035156,286.1600036621094,289.92999267578125,23836200
2023-04-18,283.33526611328125,288.3699951171875,291.760009765625,287.010009765625,291.57000732421875,20161800
2023-04-19,283.413818359375,288.45001220703125,289.04998779296875,284.5400085449219,285.989990234375,17150300
2023-04-20,281.11468505859375,286.1099853515625,289.0299987792969,285.0799865722656,285.25,23244400
2023-04-21,280.77081298828125,285.760009765625,286.2699890136719,283.05999755859375,285.010009765625,21676400
2023-04-24,276.8504333496094,281.7699890136719,284.95001220703125,278.7200012207031,282.0899963378906,26611000
2023-04-25,270.6112976074219,275.4200134277344,281.6000061035156,275.3699951171875,279.510009765625,45772200
2023-04-26,290.2130432128906,295.3699951171875,299.57000732421875,292.7300109863281,296.70001220703125,64599200
2023-04-27,299.5079040527344,304.8299865722656,305.20001220703125,295.25,295.9700012207031,46462600
2023-04-28,301.89544677734375,307.260009765625,308.92999267578125,303.30999755859375,304.010009765625,36469600
2023-05-01,300.22509765625,305.55999755859375,308.6000061035156,305.1499938964844,306.9700012207031,21294100
2023-05-02,300.0777587890625,305.4100036621094,309.17999267578125,303.9100036621094,307.760009765625,26404400
2023-05-03,299.0853576660156,304.3999938964844,308.6099853515625,304.0899963378906,306.6199951171875,22360800
2023-05-04,300.0777587890625,305.4100036621094,307.760009765625,303.3999938964844,306.239990234375,22519900
2023-05-05,305.22625732421875,310.6499938964844,311.9700012207031,304.2699890136719,305.7200012207031,28197100
2023-05-08,303.2611083984375,308.6499938964844,310.20001220703125,306.0899963378906,310.1300048828125,21318600
2023-05-09,301.6399841308594,307.0,310.0400085449219,306.30999755859375,308.0,21340800
2023-05-10,306.8572998046875,312.30999755859375,313.0,307.6700134277344,308.6199951171875,30078000
2023-05-11,304.69561767578125,310.1099853515625,311.1199951171875,306.260009765625,310.1000061035156,31680200
2023-05-12,303.5755920410156,308.9700012207031,310.6499938964844,306.6000061035156,310.54998779296875,19774700
2023-05-15,304.0570068359375,309.4599914550781,309.8999938964844,307.5899963378906,309.1000061035156,16336500
2023-05-16,306.2972106933594,311.739990234375,313.7099914550781,309.8299865722656,309.8299865722656,26730300
2023-05-17,309.1921691894531,314.0,314.42999267578125,310.739990234375,312.2900085449219,24315000
2023-05-18,313.6429443359375,318.5199890136719,319.0400085449219,313.7200012207031,314.5299987792969,27276000
2023-05-19,313.4656982421875,318.3399963378906,318.75,316.3699951171875,316.739990234375,27546700
2023-05-22,316.26226806640625,321.17999267578125,322.5899963378906,318.010009765625,318.6000061035156,24115700
2023-05-23,310.43292236328125,315.260009765625,322.7200012207031,315.25,320.0299987792969,30797200
2023-05-24,309.04449462890625,313.8500061035156,316.5,312.6099853515625,314.7300109863281,23384900
2023-05-25,320.9296875,325.9200134277344,326.8999938964844,320.0,323.239990234375,43301700
2023-05-26,327.7929382324219,332.8900146484375,333.3999938964844,323.8800048828125,324.0199890136719,36630600
2023-05-30,326.1386413574219,331.2099914550781,335.739990234375,330.5199890136719,335.2300109863281,29503100
2023-05-31,323.36187744140625,328.3900146484375,335.94000244140625,327.3299865722656,332.2900085449219,45950600
2023-06-01,327.4876708984375,332.5799865722656,333.5299987792969,324.7200012207031,325.92999267578125,26773900
2023-06-02,330.2645263671875,335.3999938964844,337.5,332.54998779296875,334.25,25873800
2023-06-05,330.7962341308594,335.94000244140625,338.55999755859375,334.6600036621094,335.2200012207031,21307100
2023-06-06,328.57086181640625,333.67999267578125,335.3699951171875,332.1700134277344,335.3299865722656,20396200
2023-06-07,318.4285888671875,323.3800048828125,334.489990234375,322.5,331.6499938964844,40717100
2023-06-08,320.27978515625,325.260009765625,326.6400146484375,323.3500061035156,323.94000244140625,23277700
2023-06-09,321.7863464355469,326.7900085449219,329.989990234375,324.4100036621094,324.989990234375,22529000
2023-06-12,326.7688903808594,331.8500061035156,332.1000061035156,325.1600036621094,328.5799865722656,24260300
2023-06-13,329.1715393066406,334.2900085449219,336.9800109863281,330.3900146484375,334.4700012207031,22951300
2023-06-14,332.1748046875,337.3399963378906,339.0400085449219,332.80999755859375,334.3399963378906,26003800
2023-06-15,342.7700500488281,348.1000061035156,349.8399963378906,337.20001220703125,337.4800109863281,38899100
2023-06-16,337.0883483886719,342.3299865722656,351.4700012207031,341.95001220703125,351.32000732421875,46552000
2023-06-20,332.8739318847656,338.04998779296875,342.0799865722656,335.8599853515625,339.30999755859375,26375400
2023-06-21,328.45269775390625,333.55999755859375,337.7300109863281,332.07000732421875,336.3699951171875,25117800
2023-06-22,334.508544921875,339.7099914550781,340.1199951171875,333.3399963378906,334.1199951171875,23556800
2023-06-23,329.890380859375,335.0199890136719,337.9599914550781,333.45001220703125,334.3599853515625,23146900
2023-06-26,323.5686950683594,328.6000061035156,336.1099853515625,328.489990234375,333.7200012207031,21520600
2023-06-27,329.4472351074219,334.57000732421875,336.1499938964844,329.29998779296875,331.8599853515625,24354100
2023-06-28,330.7076110839844,335.8500061035156,337.9800109863281,333.80999755859375,334.6600036621094,20259500
2023-06-29,329.91986083984375,335.04998779296875,336.1099853515625,332.6199951171875,334.7099914550781,16997000
2023-06-30,335.3258056640625,340.5400085449219,342.7300109863281,337.20001220703125,337.75,26832800
2023-07-03,332.8149108886719,337.989990234375,340.8999938964844,336.57000732421875,339.19000244140625,12508700
2023-07-05,332.9723815917969,338.1499938964844,341.6499938964844,334.7300109863281,335.0899963378906,18172400
2023-07-06,336.04461669921875,341.2699890136719,342.989990234375,335.5,337.29998779296875,28161200
2023-07-07,332.056640625,337.2200012207031,341.7900085449219,337.0,339.32000732421875,21214800
2023-07-10,326.7491760253906,331.8299865722656,335.2300109863281,327.5899963378906,334.6000061035156,32791400
2023-07-11,327.3793640136719,332.4700012207031,332.8599853515625,327.0,331.05999755859375,26698200
2023-07-12,332.0369873046875,337.20001220703125,341.6499938964844,335.6700134277344,336.6000061035156,29995300
2023-07-13,337.4133605957031,342.6600036621094,343.739990234375,339.0199890136719,339.55999755859375,20567200
2023-07-14,339.953857421875,345.239990234375,351.42999267578125,344.30999755859375,347.5899963378906,28352700
2023-07-17,340.4363708496094,345.7300109863281,346.989990234375,342.20001220703125,345.67999267578125,20363900
2023-07-18,353.9856262207031,359.489990234375,366.7799987792969,342.1700134277344,345.8299865722656,64738600
2023-07-19,349.6432189941406,355.0799865722656,362.4599914550781,352.44000244140625,361.75,39732900
2023-07-20,341.55889892578125,346.8699951171875,357.9700012207031,345.3699951171875,353.57000732421875,33778400
2023-07-21,338.50634765625,343.7699890136719,350.29998779296875,339.8299865722656,349.1499938964844,69405400
2023-07-24,339.8258056640625,345.1099853515625,346.9200134277344,342.30999755859375,345.8500061035156,26678100
2023-07-25,345.6059875488281,350.9800109863281,351.8900146484375,345.07000732421875,347.1099853515625,41637700
2023-07-26,332.5982360839844,337.7699890136719,344.6700134277344,333.1099853515625,341.44000244140625,58383700
2023-07-27,325.6561584472656,330.7200012207031,341.3299865722656,329.04998779296875,340.4800109863281,39635300
2023-07-28,333.1890563964844,338.3699951171875,340.010009765625,333.1700134277344,333.6700134277344,28484900
2023-07-31,330.7765808105469,335.9200134277344,337.70001220703125,333.3599853515625,336.9200134277344,25446000
2023-08-01,331.1901550292969,336.3399963378906,338.5400085449219,333.70001220703125,335.19000244140625,18311900
2023-08-02,322.4854736328125,327.5,333.6300048828125,326.3599853515625,333.6300048828125,27761300
2023-08-03,321.6583251953125,326.6600036621094,329.8800048828125,325.95001220703125,326.0,18253700
2023-08-04,322.7611999511719,327.7799987792969,335.1400146484375,327.239990234375,331.8800048828125,23741500
2023-08-07,325.0555419921875,330.1099853515625,331.1099853515625,327.5199890136719,328.3699951171875,17741500
2023-08-08,321.0576477050781,326.04998779296875,328.75,323.0,326.9599914550781,22327600
2023-08-09,317.2961730957031,322.2300109863281,327.1099853515625,321.04998779296875,326.4700012207031,22373300
2023-08-10,317.98541259765625,322.92999267578125,328.260009765625,321.17999267578125,326.0199890136719,20113700
2023-08-11,316.0948791503906,321.010009765625,322.4100036621094,319.2099914550781,320.260009765625,24355500
2023-08-14,319.0785217285156,324.0400085449219,324.05999755859375,320.0799865722656,321.3900146484375,18836100
2023-08-15,316.93182373046875,321.8599853515625,325.0899963378906,320.8999938964844,323.0,16966300
2023-08-16,316.1621398925781,320.3999938964844,324.4200134277344,319.79998779296875,320.79998779296875,20698900
2023-08-17,312.6887512207031,316.8800048828125,321.8699951171875,316.2099914550781,320.5400085449219,21257200
2023-08-18,312.2939758300781,316.4800109863281,318.3800048828125,311.54998779296875,314.489990234375,24755000
2023-08-21,317.62261962890625,321.8800048828125,322.7699890136719,317.0400085449219,317.92999267578125,24040000
2023-08-22,318.1949462890625,322.4599914550781,326.0799865722656,321.4599914550781,325.5,16084600
2023-08-23,322.67486572265625,327.0,329.20001220703125,323.4599914550781,323.82000732421875,21166400
2023-08-24,315.7378845214844,319.9700012207031,332.9800109863281,319.9599914550781,332.8500061035156,23281400
2023-08-25,318.70806884765625,322.9800109863281,325.3599853515625,318.79998779296875,321.4700012207031,21684100
2023-08-28,319.41851806640625,323.70001220703125,326.1499938964844,321.7200012207031,325.6600036621094,14808500
2023-08-29,324.06622314453125,328.4100036621094,328.9800109863281,321.8800048828125,321.8800048828125,19284600
2023-08-30,324.4411926269531,328.7900085449219,329.80999755859375,326.45001220703125,328.6700134277344,15222100
2023-08-31,323.4248352050781,327.760009765625,330.9100036621094,326.7799987792969,329.20001220703125,26411000
2023-09-01,324.31292724609375,328.6600036621094,331.989990234375,326.7799987792969,331.30999755859375,14942000
2023-09-05,329.1382141113281,333.54998779296875,334.8500061035156,328.6600036621094,329.0,18553900
2023-09-06,328.47711181640625,332.8800048828125,334.4599914550781,330.17999267578125,333.3800048828125,17535800
2023-09-07,325.5464172363281,329.9100036621094,333.0799865722656,329.0299987792969,331.2900085449219,18381000
2023-09-08,329.8487243652344,334.2699890136719,336.1600036621094,329.4599914550781,330.0899963378906,19530100
2023-09-11,333.47015380859375,337.94000244140625,338.4200134277344,335.42999267578125,337.239990234375,16583300
2023-09-12,327.3817138671875,331.7699890136719,336.7900085449219,331.4800109863281,335.82000732421875,17565500
2023-09-13,331.6150207519531,336.05999755859375,336.8500061035156,331.1700134277344,331.30999755859375,16544400
2023-09-14,334.22015380859375,338.70001220703125,340.8599853515625,336.57000732421875,339.1499938964844,20267000
2023-09-15,325.852294921875,330.2200012207031,337.3999938964844,329.6499938964844,336.9200134277344,37679800
2023-09-18,324.7076110839844,329.05999755859375,330.3999938964844,326.3599853515625,327.79998779296875,16834200
2023-09-19,324.30303955078125,328.6499938964844,329.3900146484375,324.510009765625,326.1700134277344,16505900
2023-09-20,316.5272216796875,320.7699890136719,329.5899963378906,320.510009765625,329.510009765625,21436500
2023-09-21,315.30364990234375,319.5299987792969,325.3500061035156,315.0,319.260009765625,35560400
2023-09-22,312.8170166015625,317.010009765625,321.45001220703125,316.1499938964844,321.32000732421875,21447900
2023-09-25,313.34002685546875,317.5400085449219,317.6700134277344,315.0,316.5899963378906,17836000
2023-09-26,308.01141357421875,312.1400146484375,315.8800048828125,310.0199890136719,315.1300048828125,26297600
2023-09-27,308.65283203125,312.7900085449219,314.29998779296875,309.69000244140625,312.29998779296875,19410100
2023-09-28,309.4915771484375,313.6400146484375,315.4800109863281,309.45001220703125,310.989990234375,19683600
2023-09-29,311.57366943359375,315.75,319.4700012207031,314.9800109863281,317.75,24147300
2023-10-02,317.5436096191406,321.79998779296875,321.8900146484375,315.17999267578125,316.2799987792969,20570000
2023-10-03,309.2449035644531,313.3900146484375,321.3900146484375,311.2099914550781,320.8299865722656,21033500
2023-10-04,314.7412109375,318.9599914550781,320.0400085449219,314.0,314.0299987792969,20720100
2023-10-05,315.13592529296875,319.3599853515625,319.9800109863281,314.8999938964844,319.0899963378906,16965600
2023-10-06,322.9314270019531,327.260009765625,329.19000244140625,316.29998779296875,316.54998779296875,25673600
2023-10-09,325.45758056640625,329.82000732421875,330.29998779296875,323.17999267578125,324.75,19891200
2023-10-10,324.0464782714844,328.3900146484375,331.1000061035156,327.6700134277344,330.9599914550781,20557100
2023-10-11,328.0232238769531,332.4200134277344,332.82000732421875,329.1400146484375,331.2099914550781,20063200
2023-10-12,326.7798156738281,331.1600036621094,333.6300048828125,328.7200012207031,330.57000732421875,19313100
2023-10-13,323.39520263671875,327.7300109863281,333.8299865722656,326.3599853515625,332.3800048828125,21072400
2023-10-16,328.240234375,332.6400146484375,336.1400146484375,330.6000061035156,331.04998779296875,22158000
2023-10-17,327.66790771484375,332.05999755859375,333.4599914550781,327.4100036621094,329.5899963378906,18338500
2023-10-18,325.7437438964844,330.1099853515625,335.5899963378906,328.29998779296875,332.489990234375,23153600
2023-10-19,326.937744140625,331.32000732421875,336.8800048828125,330.9100036621094,332.1499938964844,25052100
2023-10-20,322.3492431640625,326.6700134277344,331.9200134277344,325.45001220703125,331.7200012207031,25027700
2023-10-23,324.9642028808594,329.32000732421875,332.7300109863281,324.3900146484375,325.4700012207031,24374700
2023-10-24,326.1581726074219,330.5299987792969,331.8399963378906,327.6000061035156,331.29998779296875,31153600
2023-10-25,336.1640930175781,340.6700134277344,346.20001220703125,337.6199951171875,345.0199890136719,55053800
2023-10-26,323.5531311035156,327.8900146484375,341.6300048828125,326.94000244140625,340.5400085449219,37828500
2023-10-27,325.44775390625,329.80999755859375,336.7200012207031,328.3999938964844,330.42999267578125,29856500
2023-10-30,332.8485107421875,337.30999755859375,339.45001220703125,331.8299865722656,333.4100036621094,22828100
2023-10-31,333.6379089355469,338.1099853515625,339.0,334.69000244140625,338.8500061035156,20265300
2023-11-01,341.49261474609375,346.07000732421875,347.4200134277344,339.6499938964844,339.7900085449219,28158800
2023-11-02,343.712890625,348.32000732421875,348.8299865722656,344.7699890136719,347.239990234375,24348100
2023-11-03,348.13360595703125,352.79998779296875,354.3900146484375,347.3299865722656,349.6300048828125,23637700
2023-11-06,351.81427001953125,356.5299987792969,357.5400085449219,353.3500061035156,353.45001220703125,23828300
2023-11-07,355.7613830566406,360.5299987792969,362.4599914550781,357.6300048828125,359.3999938964844,25833900
2023-11-08,358.39605712890625,363.20001220703125,363.8699951171875,360.54998779296875,361.67999267578125,26767800
2023-11-09,355.91925048828125,360.69000244140625,364.7900085449219,360.3599853515625,362.29998779296875,24847300
2023-11-10,364.780517578125,369.6700134277344,370.1000061035156,361.07000732421875,361.489990234375,28042100
2023-11-13,361.8300476074219,366.67999267578125,368.4700012207031,365.8999938964844,368.2200012207031,19986500
2023-11-14,365.3725280761719,370.2699890136719,371.95001220703125,367.3500061035156,371.010009765625,27683900
2023-11-15,365.5209045410156,369.6700134277344,373.1300048828125,367.1099853515625,371.2799987792969,26860100
2023-11-16,371.9479064941406,376.1700134277344,376.3500061035156,370.17999267578125,370.9599914550781,27182300
2023-11-17,365.6988220214844,369.8500061035156,374.3699951171875,367.0,373.6099853515625,40157000
2023-11-20,373.2036437988281,377.44000244140625,378.8699951171875,371.0,371.2200012207031,52465100
2023-11-21,368.8826904296875,373.07000732421875,376.2200012207031,371.1199951171875,375.6700134277344,28423100
2023-11-22,373.6090393066406,377.8500061035156,379.7900085449219,374.9700012207031,378.0,23345300
2023-11-24,373.1937561035156,377.42999267578125,377.9700012207031,375.1400146484375,377.3299865722656,10176600
2023-11-27,374.36053466796875,378.6099853515625,380.6400146484375,376.20001220703125,376.7799987792969,22179200
2023-11-28,378.4046325683594,382.70001220703125,383.0,378.1600036621094,378.3500061035156,20453100
2023-11-29,374.59783935546875,378.8500061035156,384.29998779296875,377.44000244140625,383.760009765625,28963400
2023-11-30,374.65716552734375,378.9100036621094,380.0899963378906,375.4700012207031,378.489990234375,30554400
2023-12-01,370.3065490722656,374.510009765625,378.1600036621094,371.30999755859375,376.760009765625,33040500
2023-12-04,364.996826171875,369.1400146484375,369.5199890136719,362.8999938964844,369.1000061035156,32063300
2023-12-05,368.3388671875,372.5199890136719,373.0799865722656,365.6199951171875,366.45001220703125,23065000
2023-12-06,364.66064453125,368.79998779296875,374.17999267578125,368.0299987792969,373.5400085449219,21182100
2023-12-07,366.7864990234375,370.95001220703125,371.45001220703125,366.32000732421875,368.2300109863281,23118900
2023-12-08,370.0296936035156,374.2300109863281,374.4599914550781,368.2300109863281,369.20001220703125,20154400
2023-12-11,367.132568359375,371.29998779296875,371.6000061035156,366.1000061035156,368.4800109863281,27708800
2023-12-12,370.1780090332031,374.3800048828125,374.4200134277344,370.4599914550781,370.8500061035156,24838300
2023-12-13,370.1680908203125,374.3699951171875,377.6400146484375,370.7699890136719,376.0199890136719,30955500
2023-12-14,361.8228454589844,365.92999267578125,373.760009765625,364.1300048828125,373.30999755859375,43277500
2023-12-15,366.5690002441406,370.7300109863281,372.3999938964844,366.2799987792969,366.8500061035156,78502300
2023-12-18,368.4674072265625,372.6499938964844,373.0,368.67999267578125,369.45001220703125,21802900
2023-12-19,369.07061767578125,373.260009765625,373.260009765625,369.8399963378906,371.489990234375,20603700
2023-12-20,366.46014404296875,370.6199951171875,376.0299987792969,370.5299987792969,375.0,26316700
2023-12-21,369.3474426269531,373.5400085449219,374.4100036621094,370.0400085449219,372.55999755859375,17708000
2023-12-22,370.375732421875,374.5799865722656,375.17999267578125,372.7099914550781,373.67999267578125,17107500
2023-12-26,370.454833984375,374.6600036621094,376.94000244140625,373.5,375.0,12673100
2023-12-27,369.8714904785156,374.07000732421875,375.05999755859375,372.80999755859375,373.69000244140625,14905400
2023-12-28,371.0678405761719,375.2799987792969,376.4599914550781,374.1600036621094,375.3699951171875,14327000
2023-12-29,371.81939697265625,376.0400085449219,377.1600036621094,373.4800109863281,376.0,18730800
2024-01-02,366.7073669433594,370.8699951171875,375.8999938964844,366.7699890136719,373.8599853515625,25258600
2024-01-03,366.4404296875,370.6000061035156,373.260009765625,368.510009765625,369.010009765625,23083500
2024-01-04,363.810302734375,367.94000244140625,373.1000061035156,367.1700134277344,370.6700134277344,20901500
2024-01-05,363.6224060058594,367.75,372.05999755859375,366.5,368.9700012207031,21004600
2024-01-08,370.4845275878906,374.69000244140625,375.20001220703125,369.010009765625,369.29998779296875,23134000
2024-01-09,371.5721740722656,375.7900085449219,375.989990234375,371.19000244140625,372.010009765625,20830000
2024-01-10,378.47381591796875,382.7699890136719,384.1700134277344,376.32000732421875,376.3699951171875,25514200
2024-01-11,380.31292724609375,384.6300048828125,390.67999267578125,380.3800048828125,386.0,27850800
2024-01-12,384.1098327636719,388.4700012207031,388.67999267578125,384.6499938964844,385.489990234375,21661200
2024-01-16,385.8896179199219,390.2699890136719,394.0299987792969,387.6199951171875,393.6600036621094,27202300
2024-01-17,385.0986328125,389.4700012207031,390.1099853515625,384.80999755859375,387.9800109863281,22234100
2024-01-18,389.44927978515625,393.8699951171875,393.989990234375,390.1199951171875,391.7200012207031,23392100
2024-01-19,394.1954345703125,398.6700134277344,398.6700134277344,393.5,395.760009765625,29331100
2024-01-22,392.0596008300781,396.510009765625,400.6199951171875,393.5899963378906,400.0199890136719,27016900
2024-01-23,394.4228210449219,398.8999938964844,399.3800048828125,393.92999267578125,395.75,20525900
2024-01-24,398.04168701171875,402.55999755859375,405.6300048828125,400.45001220703125,401.5400085449219,24867000
2024-01-25,400.3257751464844,404.8699951171875,407.010009765625,402.5299987792969,404.32000732421875,21021200
2024-01-26,399.3963317871094,403.92999267578125,406.1700134277344,402.42999267578125,404.3699951171875,17803300
2024-01-29,405.1213073730469,409.7200012207031,409.9800109863281,404.3299865722656,406.05999755859375,24510200
2024-01-30,404.0040283203125,408.5899963378906,413.04998779296875,406.45001220703125,412.260009765625,33477600
2024-01-31,393.1176452636719,397.5799865722656,415.32000732421875,397.2099914550781,406.9599914550781,47871100
2024-02-01,399.2480163574219,403.7799987792969,408.0,401.79998779296875,401.8299865722656,30657700
2024-02-02,406.6045227050781,411.2200012207031,412.6499938964844,403.55999755859375,403.80999755859375,28256700
2024-02-05,401.0970458984375,405.6499938964844,411.1600036621094,403.989990234375,409.8999938964844,25352300
2024-02-06,400.9388122558594,405.489990234375,407.9700012207031,402.9100036621094,405.8800048828125,18382600
2024-02-07,409.4027099609375,414.04998779296875,414.29998779296875,407.3999938964844,407.44000244140625,22340500
2024-02-08,409.46209716796875,414.1099853515625,415.55999755859375,412.5299987792969,414.04998779296875,21225300
2024-02-09,415.82977294921875,420.54998779296875,420.82000732421875,415.0899963378906,415.25,22032800
2024-02-12,410.59918212890625,415.260009765625,420.739990234375,414.75,420.55999755859375,21202900
2024-02-13,401.7595520019531,406.32000732421875,410.07000732421875,403.3900146484375,404.94000244140625,27824900
2024-02-14,405.6426696777344,409.489990234375,409.8399963378906,404.57000732421875,408.07000732421875,20401200
2024-02-15,402.740234375,406.55999755859375,409.1300048828125,404.2900085449219,408.1400146484375,21825500
2024-02-16,400.2637023925781,404.05999755859375,408.2900085449219,403.44000244140625,407.9599914550781,22296500
2024-02-20,399.0056457519531,402.7900085449219,404.489990234375,398.010009765625,403.239990234375,24307900
2024-02-21,398.4013671875,402.17999267578125,402.2900085449219,397.2200012207031,400.1700134277344,18518900
2024-02-22,407.7823791503906,411.6499938964844,412.8299865722656,408.57000732421875,410.19000244140625,27009900
2024-02-23,406.48468017578125,410.3399963378906,415.8599853515625,408.9700012207031,415.6700134277344,16295900
2024-02-26,403.71099853515625,407.5400085449219,412.1600036621094,407.3599853515625,411.4599914550781,16193500
2024-02-27,403.651611328125,407.4800109863281,408.32000732421875,403.8500061035156,407.989990234375,14835800
2024-02-28,403.8892822265625,407.7200012207031,409.29998779296875,405.32000732421875,408.17999267578125,13183100
2024-02-29,409.7536926269531,413.6400146484375,414.20001220703125,405.9200134277344,408.6400146484375,31947300
2024-03-01,411.5962219238281,415.5,415.8699951171875,410.8800048828125,411.2699890136719,17823400
2024-03-04,411.021728515625,414.9200134277344,417.3500061035156,412.32000732421875,413.44000244140625,17596000
2024-03-05,398.8669128417969,402.6499938964844,414.25,400.6400146484375,413.9599914550781,26919200
2024-03-06,398.31219482421875,402.0899963378906,405.1600036621094,398.3900146484375,402.9700012207031,22344100
2024-03-07,405.2960205078125,409.1400146484375,409.7799987792969,402.239990234375,406.1199951171875,18718500
2024-03-08,402.4034118652344,406.2200012207031,410.4200134277344,404.3299865722656,407.9599914550781,18002200
2024-03-11,400.7193603515625,404.5199890136719,405.67999267578125,401.260009765625,403.760009765625,16120800
2024-03-12,411.37823486328125,415.2799987792969,415.57000732421875,406.7900085449219,407.6199951171875,22457000
2024-03-13,411.1999816894531,415.1000061035156,418.17999267578125,411.45001220703125,418.1000061035156,17115900
2024-03-14,421.2248840332031,425.2200012207031,427.82000732421875,417.989990234375,420.239990234375,34157300
2024-03-15,412.507568359375,416.4200134277344,422.6000061035156,412.7900085449219,419.2900085449219,45079900
2024-03-18,413.3990783691406,417.32000732421875,420.7300109863281,413.7799987792969,414.25,20106000
2024-03-19,417.45068359375,421.4100036621094,421.6700134277344,415.54998779296875,417.8299865722656,19837900
2024-03-20,421.23480224609375,425.2300109863281,425.9599914550781,420.6600036621094,422.0,17860100
2024-03-21,425.3359069824219,429.3699951171875,430.82000732421875,427.1600036621094,429.8299865722656,21296200
2024-03-22,424.71185302734375,428.739990234375,429.8599853515625,426.07000732421875,429.70001220703125,17648500
2024-03-25,418.8870544433594,422.8599853515625,427.4100036621094,421.6099853515625,425.239990234375,18060500
2024-03-26,417.68841552734375,421.6499938964844,425.989990234375,421.3500061035156,425.6099853515625,16725600
2024-03-27,417.4704895019531,421.42999267578125,424.45001220703125,419.010009765625,424.44000244140625,16705000
2024-03-28,416.76715087890625,420.7200012207031,421.8699951171875,419.1199951171875,420.9599914550781,21871200
2024-04-01,420.58099365234375,424.57000732421875,427.8900146484375,422.2200012207031,423.95001220703125,16316000
2024-04-02,417.48040771484375,421.44000244140625,422.3800048828125,417.8399963378906,420.1099853515625,17912000
2024-04-03,416.49969482421875,420.45001220703125,423.260009765625,419.0899963378906,419.7300109863281,16502300
2024-04-04,413.953857421875,417.8800048828125,428.6700134277344,417.57000732421875,424.989990234375,19370900
2024-04-05,421.5220642089844,425.5199890136719,426.510009765625,418.32000732421875,420.010009765625,16554800
2024-04-08,420.6007995605469,424.5899963378906,427.2799987792969,423.29998779296875,425.1700134277344,14272400
2024-04-09,422.2749328613281,426.2799987792969,427.739990234375,421.6199951171875,426.44000244140625,12496900
2024-04-10,419.2833251953125,423.260009765625,424.0299987792969,419.70001220703125,422.19000244140625,16216600
2024-04-11,423.909423828125,427.92999267578125,429.3699951171875,422.3599853515625,425.82000732421875,17966400
2024-04-12,417.93609619140625,421.8999938964844,425.17999267578125,419.7699890136719,424.04998779296875,19253800
2024-04-15,409.7536926269531,413.6400146484375,426.82000732421875,413.42999267578125,426.6000061035156,20273500
2024-04-16,410.6848449707031,414.5799865722656,418.3999938964844,413.7300109863281,414.57000732421875,16765600
2024-04-17,407.9706115722656,411.8399963378906,418.8800048828125,410.3299865722656,417.25,15855500
2024-04-18,400.4717102050781,404.2699890136719,411.8900146484375,403.95001220703125,410.6300048828125,21029900
2024-04-19,395.3701171875,399.1199951171875,405.4800109863281,397.7699890136719,404.0299987792969,30565800
2024-04-22,397.1927795410156,400.9599914550781,402.8500061035156,395.75,400.0799865722656,20286900
2024-04-23,403.74072265625,407.57000732421875,408.20001220703125,403.05999755859375,404.239990234375,15734500
2024-04-24,405.2167053222656,409.05999755859375,412.4700012207031,406.7799987792969,409.55999755859375,15065300
2024-04-25,395.2908935546875,399.0400085449219,399.8900146484375,388.0299987792969,394.0299987792969,40586500
2024-04-26,402.50250244140625,406.32000732421875,413.0,405.760009765625,412.1700134277344,29694700
2024-04-29,398.4707336425781,402.25,406.32000732421875,399.19000244140625,405.25,19582100
2024-04-30,385.6720886230469,389.3299865722656,402.1600036621094,389.1700134277344,401.489990234375,28781400
2024-05-01,391.2293701171875,394.94000244140625,401.7200012207031,390.30999755859375,392.6099853515625,23562500
2024-05-02,394.1021423339844,397.8399963378906,399.92999267578125,394.6499938964844,397.6600036621094,17709400
2024-05-03,402.83929443359375,406.6600036621094,407.1499938964844,401.8599853515625,402.2799987792969,17446700
2024-05-06,409.6546325683594,413.5400085449219,413.92999267578125,406.3699951171875,408.760009765625,16996600
2024-05-07,405.4941101074219,409.3399963378906,414.6700134277344,409.0899963378906,414.6600036621094,20018200
2024-05-08,406.6828308105469,410.5400085449219,412.2300109863281,406.7099914550781,408.1700134277344,11792300
2024-05-09,408.44610595703125,412.32000732421875,412.7200012207031,409.1000061035156,410.57000732421875,14689700
2024-05-10,410.8433532714844,414.739990234375,415.3800048828125,411.79998779296875,412.94000244140625,13402300
2024-05-13,409.8329162597656,413.7200012207031,418.3500061035156,410.82000732421875,418.010009765625,15440200
2024-05-14,412.6462707519531,416.55999755859375,417.489990234375,411.54998779296875,412.0199890136719,15109300
2024-05-15,419.8609313964844,423.0799865722656,423.80999755859375,417.2699890136719,417.8999938964844,22239500
2024-05-16,417.786865234375,420.989990234375,425.4200134277344,420.3500061035156,421.79998779296875,17530100
2024-05-17,417.0127868652344,420.2099914550781,422.9200134277344,418.0299987792969,422.5400085449219,15352200
2024-05-20,422.1037292480469,425.3399963378906,426.7699890136719,419.989990234375,420.2099914550781,16272100
2024-05-21,425.7756042480469,429.0400085449219,432.9700012207031,424.8500061035156,426.8299865722656,21453300
2024-05-22,427.24432373046875,430.5199890136719,432.4100036621094,427.1300048828125,430.0899963378906,18073700
2024-05-23,423.7511291503906,427.0,433.6000061035156,425.4200134277344,432.9700012207031,17211700
2024-05-24,426.8870544433594,430.1600036621094,431.05999755859375,424.4100036621094,427.19000244140625,11855300
2024-05-28,427.0458679199219,430.32000732421875,430.82000732421875,426.6000061035156,429.6300048828125,15718000
2024-05-29,425.9046325683594,429.1700134277344,430.94000244140625,425.69000244140625,425.69000244140625,15517100
2024-05-30,411.5149230957031,414.6700134277344,424.29998779296875,414.239990234375,424.29998779296875,28394500
2024-05-31,411.9714050292969,415.1300048828125,416.75,404.510009765625,416.75,47995300
2024-06-03,410.37371826171875,413.5199890136719,416.42999267578125,408.9200134277344,415.5299987792969,17484700
2024-06-04,412.9042663574219,416.07000732421875,416.44000244140625,409.67999267578125,412.42999267578125,14348900
2024-06-05,420.78387451171875,424.010009765625,424.0799865722656,416.29998779296875,417.80999755859375,16988000
2024-06-06,421.28997802734375,424.5199890136719,425.30999755859375,420.5799865722656,424.010009765625,14861300
2024-06-07,420.6250915527344,423.8500061035156,426.2799987792969,423.0,426.20001220703125,13621700
2024-06-10,424.614501953125,427.8699951171875,428.0799865722656,423.8900146484375,424.70001220703125,13982900
2024-06-11,429.3879089355469,432.67999267578125,432.82000732421875,425.25,425.4800109863281,14551100
2024-06-12,437.70416259765625,441.05999755859375,443.3999938964844,433.25,435.32000732421875,22366200
2024-06-13,438.22015380859375,441.5799865722656,443.3900146484375,439.3699951171875,440.8500061035156,15960600
2024-06-14,439.2026672363281,442.57000732421875,443.1400146484375,436.7200012207031,438.2799987792969,13582000
2024-06-17,444.95849609375,448.3699951171875,450.94000244140625,440.7200012207031,442.5899963378906,20790000
2024-06-18,442.9439697265625,446.3399963378906,450.1400146484375,444.8900146484375,449.7099914550781,17112500
2024-06-20,442.308837890625,445.70001220703125,446.5299987792969,441.2699890136719,446.29998779296875,19877400
2024-06-21,446.3578186035156,449.7799987792969,450.5799865722656,446.510009765625,447.3800048828125,34187100
2024-06-24,444.26385498046875,447.6700134277344,452.75,446.4100036621094,449.79998779296875,15913700
2024-06-25,447.5188903808594,450.95001220703125,451.4200134277344,446.75,448.25,16413400
2024-06-26,448.7196960449219,452.1600036621094,453.6000061035156,448.19000244140625,449.0,16507000
2024-06-27,449.4044494628906,452.8500061035156,456.1700134277344,451.7699890136719,452.17999267578125,14806300
2024-06-28,443.54931640625,446.95001220703125,455.3800048828125,446.4100036621094,453.07000732421875,28362300
2024-07-01,453.2549133300781,456.7300109863281,457.3699951171875,445.6600036621094,448.6600036621094,17662800
2024-07-02,455.7855224609375,459.2799987792969,459.5899963378906,453.1099853515625,453.20001220703125,13979800
2024-07-03,457.26416015625,460.7699890136719,461.0199890136719,457.8800048828125,458.19000244140625,9932800
2024-07-05,464.00250244140625,467.55999755859375,468.3500061035156,458.9700012207031,459.6099853515625,16000300
2024-07-08,462.69256591796875,466.239990234375,467.70001220703125,464.4599914550781,466.54998779296875,12962300
2024-07-09,456.04351806640625,459.5400085449219,467.3299865722656,458.0,467.0,17207200
2024-07-10,462.7024841308594,466.25,466.4599914550781,458.8599853515625,461.2200012207031,18196100
2024-07-11,451.2403564453125,454.70001220703125,464.7799987792969,451.54998779296875,462.9800109863281,23111200
2024-07-12,450.09912109375,453.54998779296875,456.3599853515625,450.6499938964844,454.3299865722656,16324300
2024-07-15,450.5060119628906,453.9599914550781,457.260009765625,451.42999267578125,453.29998779296875,14429400
2024-07-16,446.09979248046875,449.5199890136719,454.29998779296875,446.6600036621094,454.2200012207031,17175700
2024-07-17,440.1453857421875,443.5199890136719,444.8500061035156,439.17999267578125,442.5899963378906,21778000
2024-07-18,437.0194091796875,440.3699951171875,444.6499938964844,434.3999938964844,444.3399963378906,20794800
2024-07-19,433.7841796875,437.1099853515625,441.1400146484375,432.0,433.1000061035156,20940400
2024-07-22,439.56982421875,442.94000244140625,444.6000061035156,438.9100036621094,441.7900085449219,15808800
2024-07-23,441.4653015136719,444.8500061035156,448.3900146484375,443.1000061035156,443.8999938964844,13107100
2024-07-24,425.63665771484375,428.8999938964844,441.4800109863281,427.5899963378906,440.45001220703125,26805800
2024-07-25,415.2165832519531,418.3999938964844,429.79998779296875,417.510009765625,428.79998779296875,29943800
2024-07-26,422.0342712402344,425.2699890136719,428.9200134277344,417.2699890136719,418.20001220703125,23583800
2024-07-29,423.48321533203125,426.7300109863281,432.1499938964844,424.70001220703125,431.5799865722656,15125800
2024-07-30,419.7021484375,422.9200134277344,429.04998779296875,417.3599853515625,427.7200012207031,32687600
2024-07-31,415.1669616699219,418.3500061035156,421.7799987792969,412.2099914550781,420.5,42891400
2024-08-01,413.93634033203125,417.1099853515625,427.4599914550781,413.0899963378906,420.7900085449219,30296400
2024-08-02,405.3819274902344,408.489990234375,415.0,404.3399963378906,412.489990234375,29437900
2024-08-05,392.1434326171875,395.1499938964844,401.0400085449219,385.5799865722656,389.1700134277344,40709200
2024-08-06,396.56951904296875,399.6099853515625,405.6700134277344,398.5,400.0,24946500
2024-08-07,395.3984680175781,398.42999267578125,410.0799865722656,397.4700012207031,408.6400146484375,20650900
2024-08-08,399.6260986328125,402.69000244140625,405.8599853515625,399.94000244140625,402.44000244140625,20203000
2024-08-09,402.93072509765625,406.0199890136719,408.04998779296875,402.260009765625,404.0299987792969,19276700
2024-08-12,403.7147521972656,406.80999755859375,408.760009765625,404.239990234375,407.05999755859375,16762900
2024-08-13,410.8599548339844,414.010009765625,414.95001220703125,409.57000732421875,409.5899963378906,19414300
2024-08-14,413.6882629394531,416.8599853515625,417.7200012207031,412.45001220703125,414.79998779296875,18267000
2024-08-15,418.5796203613281,421.0299987792969,421.1099853515625,417.6600036621094,419.79998779296875,20752100
2024-08-16,416.0345458984375,418.4700012207031,421.3399963378906,417.29998779296875,420.6000061035156,22775600
2024-08-19,419.07672119140625,421.5299987792969,421.75,416.4599914550781,418.9599914550781,15234000
2024-08-20,422.32769775390625,424.79998779296875,425.8599853515625,421.6400146484375,421.70001220703125,16387600
2024-08-21,421.6715393066406,424.1400146484375,426.3999938964844,421.7200012207031,424.0799865722656,16067300
2024-08-22,413.1315002441406,415.54998779296875,426.7900085449219,414.6099853515625,424.3599853515625,19361900
2024-08-23,414.36431884765625,416.7900085449219,419.260009765625,412.0899963378906,416.9800109863281,18493800
2024-08-26,411.0835266113281,413.489990234375,417.2799987792969,411.3399963378906,416.3699951171875,13152800
2024-08-27,411.4314880371094,413.8399963378906,414.3599853515625,410.25,412.8599853515625,13492900
2024-08-28,408.2103271484375,410.6000061035156,415.0,407.30999755859375,414.8800048828125,14882700
2024-08-29,410.7156982421875,413.1199951171875,422.04998779296875,410.6000061035156,414.94000244140625,17045200
2024-08-30,414.7122802734375,417.1400146484375,417.489990234375,412.1300048828125,415.6000061035156,24308300
2024-09-03,407.0570983886719,409.44000244140625,419.8800048828125,407.0299987792969,417.9100036621094,20313600
2024-09-04,406.5202331542969,408.8999938964844,411.239990234375,404.3699951171875,405.9100036621094,15135800
2024-09-05,406.0132141113281,408.3900146484375,413.1000061035156,406.1300048828125,407.6199951171875,14195500
2024-09-06,399.3621826171875,401.70001220703125,410.6499938964844,400.79998779296875,409.05999755859375,19609500
2024-09-09,403.3587341308594,405.7200012207031,408.6499938964844,402.1499938964844,407.239990234375,15295100
2024-09-10,411.7893981933594,414.20001220703125,416.3299865722656,407.70001220703125,408.20001220703125,19594300
2024-09-11,420.57794189453125,423.0400085449219,423.989990234375,409.5799865722656,415.5,19266900
2024-09-12,424.514892578125,427.0,427.3699951171875,419.75,423.30999755859375,17395700
2024-09-13,428.083984375,430.5899963378906,431.8299865722656,425.4599914550781,425.8299865722656,15874600
2024-09-16,428.8296203613281,431.3399963378906,433.5299987792969,428.2200012207031,430.6000061035156,13834700
2024-09-17,432.6174621582031,435.1499938964844,441.8500061035156,432.2699890136719,440.2300109863281,18874200
2024-09-18,428.302734375,430.80999755859375,436.0299987792969,430.4100036621094,435.0,18898000
2024-09-19,436.1368408203125,438.69000244140625,441.5,436.8999938964844,441.2300109863281,21706600
2024-09-20,432.73675537109375,435.2699890136719,439.239990234375,434.2200012207031,437.2200012207031,55167100
2024-09-23,430.9870300292969,433.510009765625,436.4599914550781,430.3900146484375,434.2799987792969,15128900
2024-09-24,426.6722717285156,429.1700134277344,433.3500061035156,426.1000061035156,433.0,17015800
2024-09-25,429.59515380859375,432.1099853515625,433.1199951171875,428.57000732421875,429.8299865722656,13396400
2024-09-26,428.7998046875,431.30999755859375,435.29998779296875,429.1300048828125,435.0899963378906,14492000
2024-09-27,425.5289306640625,428.0199890136719,431.8500061035156,427.4700012207031,431.5199890136719,14896100
2024-09-30,427.795654296875,430.29998779296875,430.4200134277344,425.3699951171875,428.2099914550781,16807300
2024-10-01,418.2416076660156,420.69000244140625,428.4800109863281,418.80999755859375,428.45001220703125,19092900
2024-10-02,414.7023620605469,417.1300048828125,422.82000732421875,416.7099914550781,422.5799865722656,16582300
2024-10-03,414.11578369140625,416.5400085449219,419.54998779296875,414.2900085449219,417.6300048828125,13686400
2024-10-04,413.6385803222656,416.05999755859375,419.75,414.9700012207031,418.239990234375,19169700
2024-10-07,407.15655517578125,409.5400085449219,417.1099853515625,409.0,416.0,20919800
2024-10-08,412.2964172363281,414.7099914550781,415.6600036621094,408.1700134277344,410.8999938964844,19229300
2024-10-09,415.0303955078125,417.4599914550781,420.3800048828125,414.29998779296875,415.8599853515625,14974300
2024-10-10,413.4198303222656,415.8399963378906,417.3500061035156,413.1499938964844,415.2300109863281,13848400
2024-10-11,413.8970642089844,416.32000732421875,417.1300048828125,413.25,416.1400146484375,14144900
2024-10-14,416.70062255859375,419.1400146484375,424.0400085449219,417.5199890136719,417.7699890136719,16653100
2024-10-15,416.3029479980469,418.739990234375,422.4800109863281,415.260009765625,422.17999267578125,18900200
2024-10-16,413.6982116699219,416.1199951171875,416.3599853515625,410.4800109863281,415.1700134277344,15508900
2024-10-17,414.29473876953125,416.7200012207031,422.5,415.5899963378906,422.3599853515625,14820000
2024-10-18,415.726318359375,418.1600036621094,419.6499938964844,416.260009765625,417.1400146484375,17145300
2024-10-21,416.3427429199219,418.7799987792969,418.9599914550781,413.75,416.1199951171875,14206100
2024-10-22,425.0219421386719,427.510009765625,430.5799865722656,418.0400085449219,418.489990234375,25482200
2024-10-23,422.1288757324219,424.6000061035156,431.0799865722656,422.5299987792969,430.8599853515625,19654400
2024-10-24,422.2580871582031,424.7300109863281,425.9800109863281,422.3999938964844,425.3299865722656,13581600
2024-10-25,425.658203125,428.1499938964844,432.5199890136719,426.57000732421875,426.760009765625,16899100
2024-10-28,424.1072998046875,426.5899963378906,431.94000244140625,426.29998779296875,431.6600036621094,14882400
2024-10-29,429.43609619140625,431.95001220703125,433.1700134277344,425.79998779296875,428.0,17644100
2024-10-30,430.0127258300781,432.5299987792969,438.5,432.1000061035156,437.44000244140625,29749100
2024-10-31,403.9850769042969,406.3500061035156,416.1600036621094,406.29998779296875,415.3599853515625,53971000
2024-11-01,407.9816589355469,410.3699951171875,415.5,407.5,409.010009765625,24230400
2024-11-04,406.082763671875,408.4599914550781,410.4200134277344,405.57000732421875,409.79998779296875,19672300
2024-11-05,409.0653381347656,411.4599914550781,414.8999938964844,408.0799865722656,408.3699951171875,17626000
2024-11-06,417.73455810546875,420.17999267578125,420.45001220703125,410.5199890136719,412.4200134277344,26681800
2024-11-07,422.95404052734375,425.42999267578125,426.8500061035156,419.8800048828125,421.2799987792969,19901800
2024-11-08,420.0808410644531,422.5400085449219,426.5,421.7799987792969,425.32000732421875,16891400
2024-11-11,415.57720947265625,418.010009765625,424.80999755859375,416.0,422.5199890136719,24503300
2024-11-12,420.5679931640625,423.0299987792969,424.44000244140625,417.20001220703125,418.25,19401200
2024-11-13,422.72540283203125,425.20001220703125,429.3299865722656,418.2099914550781,421.6400146484375,21502200
2024-11-14,424.4055480957031,426.8900146484375,428.1700134277344,420.0,425.0,30246900
2024-11-15,412.5847473144531,415.0,422.79998779296875,413.6400146484375,419.82000732421875,28247600
2024-11-18,413.34033203125,415.760009765625,418.3999938964844,412.1000061035156,414.8699951171875,24727000
2024-11-19,415.3585205078125,417.7900085449219,417.94000244140625,411.54998779296875,413.1099853515625,18133500
2024-11-20,413.0718688964844,415.489990234375,417.2900085449219,410.5799865722656,416.8699951171875,19191700
2024-11-21,411.2887268066406,412.8699951171875,419.7799987792969,410.2900085449219,419.5,20780200
2024-11-22,415.4029235839844,417.0,417.3999938964844,411.05999755859375,411.3699951171875,24814600
2024-11-25,417.1860656738281,418.7900085449219,421.0799865722656,414.8500061035156,418.3800048828125,27691100
2024-11-26,426.350830078125,427.989990234375,429.0400085449219,418.8500061035156,419.5899963378906,23458900
2024-11-27,421.3699951171875,422.989990234375,427.2300109863281,422.0199890136719,425.1099853515625,18332400
2024-11-29,421.8381652832031,423.4599914550781,424.8800048828125,417.79998779296875,420.0899963378906,16271900
2024-12-02,429.32940673828125,430.9800109863281,433.0,421.30999755859375,421.57000732421875,20207200
2024-12-03,429.5485534667969,431.20001220703125,432.4700012207031,427.739990234375,429.8399963378906,18302000
2024-12-04,435.7447204589844,437.4200134277344,439.6700134277344,432.6300048828125,433.0299987792969,26009400
2024-12-05,440.9247741699219,442.6199951171875,444.6600036621094,436.1700134277344,437.9200134277344,21697800
2024-12-06,441.87115478515625,443.57000732421875,446.1000061035156,441.7699890136719,442.29998779296875,18821000
2024-12-09,444.3117370605469,446.0199890136719,448.3299865722656,440.5,442.6000061035156,19144400
2024-12-10,441.632080078125,443.3299865722656,449.6199951171875,441.6000061035156,444.3900146484375,18469500
2024-12-11,447.2704162597656,448.989990234375,450.3500061035156,444.04998779296875,444.04998779296875,19200200
2024-12-12,447.83819580078125,449.55999755859375,456.1600036621094,449.1099853515625,449.1099853515625,20834800
2024-12-13,445.5569763183594,447.2699890136719,451.42999267578125,445.5799865722656,448.44000244140625,20177800
2024-12-16,449.8604431152344,451.5899963378906,452.17999267578125,445.2799987792969,447.2699890136719,23598800
2024-12-17,452.7194519042969,454.4599914550781,455.2900085449219,449.57000732421875,451.010009765625,22733500
2024-12-18,435.71484375,437.3900146484375,452.6499938964844,437.0199890136719,451.32000732421875,24444500
2024-12-19,435.356201171875,437.0299987792969,443.17999267578125,436.32000732421875,441.6199951171875,22963700
2024-12-20,434.9278564453125,436.6000061035156,443.739990234375,428.6300048828125,433.1099853515625,64263700
2024-12-23,433.5830383300781,435.25,437.6499938964844,432.8299865722656,436.739990234375,19152500
2024-12-24,437.6473693847656,439.3299865722656,439.6000061035156,434.19000244140625,434.6499938964844,7164500
2024-12-26,436.43206787109375,438.1099853515625,440.94000244140625,436.6300048828125,439.0799865722656,8194200
2024-12-27,428.881103515625,430.5299987792969,435.2200012207031,426.3500061035156,434.6000061035156,18117700
2024-12-30,423.2029113769531,424.8299865722656,427.54998779296875,421.8999938964844,426.05999755859375,13158700
2024-12-31,419.88568115234375,421.5,426.7300109863281,420.6600036621094,426.1000061035156,13246500
2025-01-02,416.97686767578125,418.5799865722656,426.07000732421875,414.8500061035156,425.5299987792969,16896500
2025-01-03,421.7286071777344,423.3500061035156,424.0299987792969,419.5400085449219,421.0799865722656,16662900
2025-01-06,426.21136474609375,427.8500061035156,434.32000732421875,425.4800109863281,428.0,20573600
2025-01-07,420.7523498535156,422.3699951171875,430.6499938964844,420.79998779296875,429.0,18139100
2025-01-08,422.9339904785156,424.55999755859375,426.9700012207031,421.5400085449219,423.4599914550781,15054600
2025-01-10,417.345458984375,418.95001220703125,424.7099914550781,415.0199890136719,424.6300048828125,20201100
2025-01-13,415.5921936035156,417.19000244140625,418.5,412.2900085449219,415.239990234375,17604800
2025-01-14,414.0780334472656,415.6700134277344,419.739990234375,410.7200012207031,417.80999755859375,16935900
2025-01-15,424.6772766113281,426.30999755859375,428.1499938964844,418.2699890136719,419.1300048828125,19637800
2025-01-16,422.953857421875,424.5799865722656,429.489990234375,424.3900146484375,428.70001220703125,15300000
2025-01-17,427.3868713378906,429.0299987792969,434.4800109863281,428.1700134277344,434.0899963378906,26197500
2025-01-21,426.8588562011719,428.5,430.8999938964844,425.6000061035156,430.20001220703125,26085700
2025-01-22,444.4911193847656,446.20001220703125,447.2699890136719,436.0,437.55999755859375,27803800
2025-01-23,444.9991149902344,446.7099914550781,446.75,441.5,442.0,18389300
2025-01-24,442.3592834472656,444.05999755859375,446.6499938964844,441.3999938964844,445.1600036621094,15549500
2025-01-27,432.8956604003906,434.55999755859375,435.20001220703125,423.5,424.010009765625,35647800
2025-01-28,445.4872741699219,447.20001220703125,448.3800048828125,431.3800048828125,434.6000061035156,23491700
2025-01-29,440.6358947753906,442.3299865722656,446.8800048828125,440.3999938964844,446.69000244140625,23581400
2025-01-30,413.4006042480469,414.989990234375,422.8599853515625,413.1600036621094,418.7699890136719,54586300
2025-01-31,413.4703674316406,415.05999755859375,420.69000244140625,414.9100036621094,418.9800109863281,34161900
2025-02-03,409.3462219238281,410.9200134277344,415.4100036621094,408.6600036621094,411.6000061035156,25679100
2025-02-04,410.7906494140625,412.3699951171875,413.9200134277344,409.739990234375,412.69000244140625,20532100
2025-02-05,411.7071533203125,413.2900085449219,413.8299865722656,410.3999938964844,412.3500061035156,16316700
2025-02-06,414.2274475097656,415.82000732421875,418.20001220703125,414.0,414.0,16309800
2025-02-07,408.1806945800781,409.75,418.6499938964844,408.1000061035156,416.4800109863281,22886800
2025-02-10,410.6412353515625,412.2200012207031,415.4599914550781,410.9200134277344,413.7099914550781,20817900
2025-02-11,409.8642272949219,411.44000244140625,412.489990234375,409.29998779296875,409.6400146484375,18140600
2025-02-12,407.4734191894531,409.0400085449219,410.75,404.3699951171875,407.2099914550781,19121700
2025-02-13,408.9676818847656,410.5400085449219,411.0,406.3599853515625,407.0,23891700
2025-02-14,406.86572265625,408.42999267578125,408.9100036621094,405.8800048828125,407.7900085449219,22758500
2025-02-18,408.0711364746094,409.6400146484375,410.6000061035156,406.5,408.0,21423100
2025-02-19,413.18145751953125,414.7699890136719,415.489990234375,407.6499938964844,407.8800048828125,24114200
2025-02-20,415.3674621582031,416.1300048828125,419.30999755859375,412.5400085449219,415.2900085449219,23508700
2025-02-21,407.4619445800781,408.2099914550781,418.04998779296875,407.8900146484375,417.3399963378906,27524800
2025-02-24,403.2596740722656,404.0,409.3699951171875,399.32000732421875,408.510009765625,26443700
2025-02-25,397.17083740234375,397.8999938964844,401.9200134277344,396.70001220703125,401.1000061035156,29387400
2025-02-26,398.99749755859375,399.7300109863281,403.6000061035156,394.25,398.010009765625,19619000
2025-02-27,391.8106994628906,392.5299987792969,405.739990234375,392.1700134277344,401.2699890136719,21127400
2025-02-28,396.26251220703125,396.989990234375,397.6300048828125,386.57000732421875,392.6600036621094,32845700
2025-03-03,387.778076171875,388.489990234375,398.82000732421875,386.1600036621094,398.82000732421875,23007700
2025-03-04,387.8978576660156,388.6099853515625,392.5799865722656,381.0,383.3999938964844,29342900
2025-03-05,400.2851257324219,401.0199890136719,401.6700134277344,388.80999755859375,389.3399963378906,23433100
2025-03-06,396.1627197265625,396.8900146484375,402.1499938964844,392.67999267578125,394.2799987792969,23304600
2025-03-07,392.5892639160156,393.30999755859375,394.79998779296875,385.5400085449219,392.32000732421875,22034100
2025-03-10,379.46337890625,380.1600036621094,386.3999938964844,377.2200012207031,385.8399963378906,32840100
2025-03-11,379.7528381347656,380.45001220703125,386.0,376.9100036621094,379.0,30380200
2025-03-12,382.5676574707031,383.2699890136719,385.2200012207031,378.95001220703125,382.95001220703125,24253600
2025-03-13,378.0758972167969,378.7699890136719,385.32000732421875,377.45001220703125,383.1600036621094,20473000
2025-03-14,387.84796142578125,388.55999755859375,390.2300109863281,379.510009765625,379.7799987792969,19952800
2025-03-17,387.98773193359375,388.70001220703125,392.7099914550781,385.57000732421875,386.70001220703125,22474300
2025-03-18,382.81719970703125,383.5199890136719,387.3699951171875,381.1000061035156,387.07000732421875,19486900
2025-03-19,387.1093444824219,387.82000732421875,389.67999267578125,384.0,385.5299987792969,19185500
2025-03-20,386.131103515625,386.8399963378906,391.7900085449219,383.2799987792969,385.739990234375,18470500
2025-03-21,390.54302978515625,391.260009765625,391.739990234375,382.79998779296875,383.2200012207031,39675900
2025-03-24,392.35968017578125,393.0799865722656,395.3999938964844,389.80999755859375,395.3999938964844,21004500
2025-03-25,394.4358825683594,395.1600036621094,396.3599853515625,392.6400146484375,393.9200134277344,15775000
2025-03-26,389.2554016113281,389.9700012207031,395.30999755859375,388.57000732421875,395.0,16108400
2025-03-27,389.8642578125,390.5799865722656,392.239990234375,387.3999938964844,390.1300048828125,13766800
2025-03-28,378.1058349609375,378.79998779296875,389.1300048828125,376.92999267578125,388.0799865722656,21632000
2025-03-31,374.7021179199219,375.3900146484375,377.07000732421875,367.239990234375,372.5400085449219,35184700
2025-04-01,381.4896545410156,382.19000244140625,382.8500061035156,373.2300109863281,374.6499938964844,19689500
2025-04-02,381.43975830078125,382.1400146484375,385.0799865722656,376.6199951171875,377.9700012207031,16092600
2025-04-03,372.42626953125,373.1099853515625,377.4800109863281,369.3500061035156,374.7900085449219,30198000
2025-04-04,359.18060302734375,359.8399963378906,374.5899963378906,359.4800109863281,364.1300048828125,49209900
2025-04-07,357.2042236328125,357.8599853515625,371.0,344.7900085449219,350.8800048828125,50425000
2025-04-08,353.9102783203125,354.55999755859375,373.6499938964844,350.25,368.260009765625,35868900
2025-04-09,389.7744140625,390.489990234375,393.2300109863281,353.1000061035156,353.5400085449219,50199700
2025-04-10,380.65118408203125,381.3500061035156,383.8999938964844,367.79998779296875,382.05999755859375,38024400
2025-04-11,387.7381896972656,388.45001220703125,390.04998779296875,378.8900146484375,380.6400146484375,23839200
2025-04-14,387.0993347167969,387.80999755859375,394.6499938964844,384.2099914550781,393.2200012207031,19251200
2025-04-15,385.0231628417969,385.7300109863281,391.8900146484375,384.1600036621094,388.510009765625,17199900
2025-04-16,370.92901611328125,371.6099853515625,381.6099853515625,368.0,380.6700134277344,21967800
2025-04-17,367.1060485839844,367.7799987792969,374.32000732421875,366.8900146484375,373.75,21120200
2025-04-21,358.4619140625,359.1199951171875,364.4800109863281,355.6700134277344,362.82000732421875,20807300
2025-04-22,366.1478271484375,366.82000732421875,367.7699890136719,359.8599853515625,363.3800048828125,19485000
2025-04-23,373.7039489746094,374.3900146484375,380.3900146484375,373.0199890136719,376.05999755859375,20545500
2025-04-24,386.59027099609375,387.29998779296875,388.45001220703125,375.19000244140625,375.70001220703125,22232300
2025-04-25,391.1319580078125,391.8500061035156,392.1600036621094,384.6000061035156,387.0,18973200
2025-04-28,390.4432067871094,391.1600036621094,392.739990234375,386.6400146484375,391.9599914550781,16579400
2025-04-29,393.31793212890625,394.0400085449219,395.1000061035156,390.3800048828125,391.29998779296875,14974000
2025-04-30,394.53570556640625,395.260009765625,396.6600036621094,384.44000244140625,390.29998779296875,36461100
2025-05-01,424.6204528808594,425.3999938964844,436.989990234375,424.8999938964844,431.1099853515625,58938100
2025-05-02,434.48236083984375,435.2799987792969,439.44000244140625,429.989990234375,431.739990234375,30757400
2025-05-05,435.3707275390625,436.1700134277344,439.5,432.1099853515625,432.8699951171875,20136100
2025-05-06,432.5159606933594,433.30999755859375,437.7300109863281,431.1700134277344,432.20001220703125,15104200
2025-05-07,432.555908203125,433.3500061035156,438.1199951171875,431.1099853515625,433.8399963378906,23295300
2025-05-08,437.3670654296875,438.1700134277344,443.6700134277344,435.6600036621094,437.92999267578125,23491300
2025-05-09,437.9260559082031,438.7300109863281,440.739990234375,435.8800048828125,440.0,15324200
2025-05-12,448.4367370605469,449.260009765625,449.3699951171875,439.7799987792969,445.94000244140625,22821900
2025-05-13,448.3169860839844,449.1400146484375,450.6700134277344,445.3599853515625,447.7799987792969,23618800
2025-05-14,452.1099853515625,452.94000244140625,453.8999938964844,448.1400146484375,448.1400146484375,19902800
2025-05-15,453.1300048828125,453.1300048828125,456.19000244140625,450.42999267578125,450.7699890136719,21992300
2025-05-16,454.2699890136719,454.2699890136719,454.3599853515625,448.7300109863281,452.04998779296875,23849800
2025-05-19,458.8699951171875,458.8699951171875,459.5899963378906,450.79998779296875,450.8800048828125,21336500
2025-05-20,458.1700134277344,458.1700134277344,458.3399963378906,454.32000732421875,455.5899963378906,15441800
2025-05-21,452.57000732421875,452.57000732421875,457.7799987792969,451.80999755859375,454.57000732421875,19216900
2025-05-22,454.8599853515625,454.8599853515625,460.25,453.8999938964844,454.95001220703125,18025600
2025-05-23,450.17999267578125,450.17999267578125,453.69000244140625,448.9100036621094,449.9800109863281,16883500
2025-05-27,460.69000244140625,460.69000244140625,460.95001220703125,456.1199951171875,456.4800109863281,20974300
2025-05-28,457.3599853515625,457.3599853515625,462.5199890136719,456.92999267578125,461.2200012207031,17086300
2025-05-29,458.67999267578125,458.67999267578125,461.7200012207031,455.30999755859375,461.54998779296875,13974800
2025-05-30,460.3599853515625,460.3599853515625,461.67999267578125,455.5400085449219,459.7200012207031,34770500
2025-06-02,461.9700012207031,461.9700012207031,462.1099853515625,456.8900146484375,457.1400146484375,16626500
2025-06-03,462.9700012207031,462.9700012207031,464.1400146484375,460.8599853515625,461.4700012207031,15743800
2025-06-04,463.8699951171875,463.8699951171875,465.69000244140625,463.0199890136719,464.0,14162700
2025-06-05,467.67999267578125,467.67999267578125,469.6499938964844,464.0299987792969,464.9599914550781,20131700
2025-06-06,470.3800048828125,470.3800048828125,473.3399963378906,468.7799987792969,470.0899963378906,15285600
2025-06-09,472.75,472.75,473.42999267578125,468.6199951171875,469.70001220703125,16469900
2025-06-10,470.9200134277344,470.9200134277344,472.79998779296875,466.9599914550781,471.19000244140625,15375900
2025-06-11,472.6199951171875,472.6199951171875,475.4700012207031,469.6600036621094,470.0199890136719,16399200
2025-06-12,478.8699951171875,478.8699951171875,480.4200134277344,473.5199890136719,475.0199890136719,18950600
2025-06-13,474.9599914550781,474.9599914550781,479.17999267578125,472.760009765625,476.4100036621094,16814500
2025-06-16,479.1400146484375,479.1400146484375,480.69000244140625,475.0,475.2099914550781,15626100
2025-06-17,478.0400085449219,478.0400085449219,478.739990234375,474.0799865722656,475.3999938964844,15414100
2025-06-18,480.239990234375,480.239990234375,481.0,474.4599914550781,478.0,17526500
2025-06-20,477.3999938964844,477.3999938964844,483.4599914550781,476.8699951171875,482.2300109863281,37576200
2025-06-23,486.0,486.0,487.75,472.510009765625,478.2099914550781,24864000
2025-06-24,490.1099853515625,490.1099853515625,491.8500061035156,486.79998779296875,488.95001220703125,22305600
2025-06-25,492.2699890136719,492.2699890136719,494.55999755859375,489.3900146484375,492.0400085449219,17495100
2025-06-26,497.45001220703125,497.45001220703125,498.0400085449219,492.80999755859375,492.9800109863281,21578900
2025-06-27,495.94000244140625,495.94000244140625,499.29998779296875,493.0299987792969,497.54998779296875,34539200
2025-06-30,497.4100036621094,497.4100036621094,500.760009765625,495.3299865722656,497.0400085449219,28369000
2025-07-01,492.04998779296875,492.04998779296875,498.04998779296875,490.9800109863281,496.4700012207031,19945400
2025-07-02,491.0899963378906,491.0899963378906,493.5,488.70001220703125,489.989990234375,16319600
2025-07-03,498.8399963378906,498.8399963378906,500.1300048828125,493.44000244140625,493.80999755859375,13984800
2025-07-07,497.7200012207031,497.7200012207031,498.75,495.2300109863281,497.3800048828125,13981600
2025-07-08,496.6199951171875,496.6199951171875,498.20001220703125,494.1099853515625,497.239990234375,11846600
2025-07-09,503.510009765625,503.510009765625,506.7799987792969,499.739990234375,500.29998779296875,18659500
2025-07-10,501.4800109863281,501.4800109863281,504.44000244140625,497.75,503.04998779296875,16492100
2025-07-11,503.32000732421875,503.32000732421875,505.0299987792969,497.79998779296875,498.4700012207031,16459500
2025-07-14,503.0199890136719,503.0199890136719,503.9700012207031,501.0299987792969,501.5199890136719,12058800
2025-07-15,505.82000732421875,505.82000732421875,508.29998779296875,502.7900085449219,503.0199890136719,14927200
2025-07-16,505.6199951171875,505.6199951171875,506.7200012207031,501.8900146484375,505.17999267578125,15154400
2025-07-17,511.70001220703125,511.70001220703125,513.3699951171875,505.6199951171875,505.67999267578125,17503100
2025-07-18,510.04998779296875,510.04998779296875,514.6400146484375,507.42999267578125,514.47998046875,21209700
2025-07-21,510.05999755859375,510.05999755859375,512.0900268554688,505.54998779296875,506.7099914550781,14066800
2025-07-22,505.2699890136719,505.2699890136719,511.20001220703125,505.2699890136719,510.9700012207031,13868600
2025-07-23,505.8699951171875,505.8699951171875,506.7900085449219,500.70001220703125,506.75,16396600
2025-07-24,510.8800048828125,510.8800048828125,513.6699829101562,507.29998779296875,508.7699890136719,16107000
2025-07-25,513.7100219726562,513.7100219726562,518.2899780273438,510.3599853515625,512.469970703125,19125700
2025-07-28,512.5,512.5,515.0,510.1199951171875,514.0800170898438,14308000
2025-07-29,512.5700073242188,512.5700073242188,517.6199951171875,511.55999755859375,515.530029296875,16469200
2025-07-30,513.239990234375,513.239990234375,515.9500122070312,509.44000244140625,515.1699829101562,26380400
2025-07-31,533.5,533.5,555.4500122070312,531.9000244140625,555.22998046875,51617300
2025-08-01,524.1099853515625,524.1099853515625,535.7999877929688,520.8599853515625,535.0,28955600
